{
    "conciertos":
    [{
        "titulo": "Concierto Grupo Yavirac",
        "lugar": "TEATRO MEXICO",
        "descripcion": "DESCUENTOS DE TERCERA EDAD O PERSONAS CON DISCAPACIDAD: el cliente debe acercarse a cualquier punto de venta con la copia de su cédula o del carné según corresponda y el documento original, para verificación de la información,  ya que este descuento es PERSONAL E INTRANSFERIBLE.",
        "fecha": "Viernes, Julio 21, 2017 7:30 PM",
        "img": "img/conciertos/mediana1472017_174446.jpg"
    },
    {
        "titulo": "ÓPERA “LA TRAVIATA” NAPOLI",
        "lugar": "TEATRO CENTRO DE ARTE - SALA EXPERIMENTAL",
        "descripcion": "Por las fiestas de la fundación de Guayaquil, NAPOLI presentará la ópera “La Traviata” de Giusseppe Verdi.¡Este inmortal drama, cargado de las melodías más representativas del Bel Canto, de gran romanticismo y buen gusto, se vuelve a representar después de varias décadas en",
        "fecha": "Viernes 14, Sábado 15, Viernes 21 de Julio, 8:30 PM",
        "img": "img/conciertos/05. La traviata  392 X 2452362017_12166.jpg"
    },
    {
        "titulo": "VISA 80's y 90's",
        "lugar": "GUAYAQUIL TENIS CLUB ANEXO SAMBORONDON",
        "descripcion": "Para descuentos de tercera edad o personas con discapacidad: La persona beneficiaria debe acercarse a cualquier punto de venta con la copia de su cédula o del carné según corresponda y el documento original ya que el descuento es PERSONAL E INTRANSFERIBLE.",
        "fecha": "Viernes, Julio 21, 2017 9:00 PM",
        "img": "img/conciertos/Mediano2452017_13240.jpg"
    }]
}