{
    "integrantes":
    [{
        "nombre": "Maria J. Tapia García",
        "email": "mj-pepita@live.com",
        "telefono": "0987594790",
        "perfil": "Estuadiante de Ingeniería Comercial Universidad Catolica del Ecuador",
        "img": "img/about/ma_tapia.jpg"
    },
    {
        "nombre": "Jose I. Saballo López",
        "email": "jisaballo@outlook.com",
        "telefono": "0996081039",
        "perfil": "Graduado de Ingeniería en sistema de la universidad de ciencias informáticas, Cuba",
        "img": "img/about/saballo.jpg"
    }]
}